<?xml version="1.0" encoding="UTF-8"?>
<project-private xmlns="http://www.netbeans.org/ns/project-private/1">
    <editor-bookmarks xmlns="http://www.netbeans.org/ns/editor-bookmarks/2" lastBookmarkId="0"/>
    <open-files xmlns="http://www.netbeans.org/ns/projectui-open-files/2">
        <group>
            <file>file:/C:/Users/MiniBook/Desktop/hospital_management_system/src/LoginDetails.java</file>
            <file>file:/C:/Users/MiniBook/Desktop/hospital_management_system/src/Bill_Room.java</file>
            <file>file:/C:/Users/MiniBook/Desktop/hospital_management_system/src/Connect.java</file>
            <file>file:/C:/Users/MiniBook/Desktop/hospital_management_system/src/UsersRegistration.java</file>
            <file>file:/C:/Users/MiniBook/Desktop/hospital_management_system/src/About.java</file>
            <file>file:/C:/Users/MiniBook/Desktop/hospital_management_system/src/UsersRegistrationRecord.java</file>
            <file>file:/C:/Users/MiniBook/Desktop/hospital_management_system/src/Login.java</file>
            <file>file:/C:/Users/MiniBook/Desktop/hospital_management_system/src/Contact.java</file>
        </group>
    </open-files>
</project-private>
